ID,CRIM,ZN,INDUS,CHAS,NOX,RM,AGE,DIS,RAD,TAX,PTRATIO,B,LSTAT,MEDV
1,0.245626543,0,5.787043527,0,0.41187831,7.160841957,94.62528863,3.04979331,16,330,18.46204628,329.0795959,11.3553899,50
2,0.114644739,0,5.490793201,0,0.631283143,7.854478658,35.57773037,7.526047329,19,330,17.61547947,239.5147519,12.51555196,50
3,0.294412406,0,10.10525943,0,0.456995897,6.306179697,91.87271034,3.029354757,21,187,14.9478813,396.9,15.46029636,50
4,0.841672603,50,5.537671248,0,0.54868746,5.567551589,94.42848038,3.287419228,22,187,18.68741142,396.9,32.56057445,39.9675224
5,0.102183603,0,10.73087805,0,0.471101807,6.320371896,81.35852747,2.608677048,9,187,19.0033994,217.3486017,8.228272356,50
6,0.102185617,0,4.765163151,0,0.38,6.992902098,89.0437516,5.751678232,9,187,16.30847813,396.9,4.424574862,50
7,0.900374383,0,15.14557881,0,0.468942259,5.869368627,61.38564622,8.845586441,9,711,20.13758713,289.3485539,8.821287702,50
8,0.339908667,100,6.992680918,0,0.630775842,6.209770571,43.36102587,4.159132524,17,279,19.94055296,309.1447145,30.37019073,40.83772991
9,0.077044719,0,2.837052932,0,0.38,6.538457895,27.84532493,3.460407829,12,711,18.60760768,396.9,6.128838161,50
10,0.259518329,0,2.050107328,0,0.580260082,7.142133497,94.57660377,3.38174354,13,330,18.52579029,396.9,11.66778255,50
11,0.077606722,100,11.20113454,0,0.407671692,6.842796613,68.79624395,1.007877471,8,711,20.58128304,265.9327484,27.2144049,46.04267027
12,0.077391703,50,5.444923782,0,0.623013048,6.871807579,73.40491407,4.819043345,16,666,19.30856681,396.9,15.87813291,50
13,0.180929962,50,14.06461052,0,0.635718272,6.00161201,28.38461832,3.550481429,18,187,16.95503801,396.9,32.36973989,35.34233829
14,0.01362381,0,13.25512859,0,0.529366248,6.581343269,69.38053891,4.113075417,1,666,18.06517378,284.2228581,4.850407441,50
15,0.017079072,0,8.193586957,0,0.529639821,5.794625671,59.37051354,2.326276459,1,666,19.72506868,334.62253,13.55878325,46.38667443
16,0.068924399,12.5,13.25217698,0,0.453236476,6.89186827,33.22809834,2.739489421,12,330,14.02889397,396.9,36.68273835,35.25623233
17,0.040139381,80,13.54498398,0,0.388529992,7.105853749,79.78034794,2.703338611,6,187,16.45064269,214.9888942,8.363449924,50
18,0.197324993,0,15.42907533,0,0.753771149,6.687354498,58.6886795,5.533450007,9,666,20.00070287,396.9,30.59650865,41.9213517
19,0.045518844,0,5.954412685,0,0.446191429,6.042812589,9.320135259,2.74730404,23,330,21.15953073,396.9,14.27608515,49.48263225
20,0.024853307,0,1.687348777,1,0.738135536,6.15739101,44.82792484,9.405834245,5,187,20.74630723,396.9,21.33774681,43.91751268
21,0.7856676,25,0.392907483,0,0.446859995,7.564561347,86.26374037,4.118261917,16,279,20.46524529,368.9843077,35.12082096,44.17818664
22,0.103215983,0,13.26646035,0,0.613022847,6.054502689,7.737268961,1.754455706,18,330,18.7854365,396.9,21.28285227,48.60737321
23,0.146758609,0,7.6898647,0,0.413463141,7.034995917,99.78826652,3.113435732,17,711,16.2364125,396.9,11.53343565,50
24,0.024484921,0,3.602411145,1,0.612807402,6.537224119,7.324852711,2.396866931,18,187,18.06742855,301.0140927,23.04013399,48.95266113
25,0.070421317,0,8.71964605,0,0.510929517,6.066104486,85.28110667,1.108279447,1,666,14.11480809,396.9,11.05541212,50
26,0.154603285,0,7.452794972,0,0.512498061,5.358745681,67.89195015,7.387101731,19,666,21.36144339,396.9,19.37570791,42.89538598
27,0.034006884,0,8.193448877,0,0.62320278,6.448120266,80.30657015,4.718878999,22,711,16.70235183,285.5609431,7.759316298,50
28,0.212425832,12.5,6.930982361,0,0.493703036,6.363770607,6.280513657,4.334488711,8,711,17.32663933,379.1257013,16.73423806,50
29,0.065824286,0,11.93275155,0,0.38,7.56457427,86.55336673,3.606370375,3,666,20.82896192,396.9,33.56808777,47.90840051
30,0.095366063,0,3.684298522,1,0.641356668,5.697865113,75.69598286,1.663612122,5,187,14.94782069,173.6447002,13.74586658,49.79107989
31,0.065739985,0,7.329373971,0,0.412491929,7.906338014,81.55572102,2.606977307,23,330,15.88331423,396.9,31.69675353,50
32,1.249487943,0,5.071650935,0,0.611982074,6.565167371,89.97722947,5.057591528,8,711,19.08953696,257.9526859,38,34.86812798
33,0.133160958,0,10.89043055,1,0.666759585,6.564480455,18.85035327,1.962835252,19,711,19.64483691,374.5021542,16.16149581,48.6751002
34,0.038034824,0,4.781747379,0,0.504940734,5.884849506,26.19048174,0.936238846,18,711,18.34225825,396.9,23.77216346,44.01335064
35,0.363147531,0,2.940373833,0,0.691882341,6.520294415,46.89700257,2.963725216,18,279,18.41401715,139.5845567,21.89191851,47.18226005
36,0.031272618,0,9.776233318,0,0.607814045,6.63113565,81.55103599,3.092937303,21,187,21.2904315,396.9,18.82267378,50
37,0.173884553,0,9.195324157,0,0.46649663,6.956129104,35.63283697,3.552962307,1,187,19.89990058,396.9,26.38346833,46.53459174
38,0.012886125,100,2.30136551,0,0.71817148,5.615174455,76.31147022,4.779133824,15,187,19.60257386,308.469609,14.17022569,46.27121967
39,0.027493016,0,14.18586252,0,0.412999381,7.284746599,69.05114825,4.566755087,18,187,20.20642228,396.9,11.0504764,50
40,0.171398073,50,9.471033034,0,0.504795948,6.552990867,57.02018291,3.778718393,7,187,17.8387014,396.9,6.581129171,50
41,0.328295847,0,6.189289258,0,0.525242224,6.725760227,43.46015675,6.03614579,16,666,22,212.0420006,13.38781419,50
42,0.16623413,12.5,1.16018816,0,0.622626844,6.145340417,18.31785124,1.553507239,16,711,13.42343066,396.9,28.24341969,39.09755899
43,0.117798712,25,12.50601017,0,0.683851996,5.650300153,82.95598541,4.272892111,15,666,21.70742625,396.9,9.356971994,50
44,0.094295253,0,9.157922452,1,0.676334987,6.350907239,63.82772229,4.541553716,6,279,20.48463654,396.9,19.06790848,50
45,0.022954842,0,10.81228391,0,0.576849798,6.431106885,91.85023571,1.78642936,9,330,19.04623415,364.882665,15.27372576,49.71184878
46,0.057050807,0,9.589571164,1,0.516367707,5.330200212,86.6812431,1.566062795,7,711,18.67606371,265.9624369,11.3313036,46.45522364
47,0.07786595,0,1.811760946,0,0.38,6.855299784,54.11223793,2.286515257,14,279,18.15778275,396.9,5.409603512,50
48,0.481209127,80,6.530268578,0,0.392302497,6.997567244,62.80403974,2.385071919,11,666,20.92757589,360.1398244,37.25226765,40.48462407
49,0.204403754,50,12.70173128,0,0.761998659,5.789234763,64.77618743,4.839007955,21,330,18.41229816,274.7468825,22.42809285,40.257941
50,0.016315362,100,2.572607885,0,0.38,5.584190255,88.75206577,2.441788123,16,279,16.89865357,328.0596494,38,26.89293795
51,0.199668011,0,7.234263008,0,0.455861123,6.087927036,97.52597322,2.163713029,6,330,20.48436235,390.5230797,31.42638442,38.78235092
52,0.085255834,25,3.204641085,0,0.687352754,6.316726568,98.01152977,2.445337455,22,279,21.98648571,214.9321689,36.75691559,34.1770634
53,0.060066296,80,11.81992296,0,0.575165596,6.115080293,70.82136474,5.808464017,16,666,14.26022793,358.6316621,5.756834521,50
54,0.281960454,0,7.671679001,0,0.661365409,6.257357517,58.12419745,3.341840447,20,330,22,319.0641732,5.696766774,50
55,0.466358525,0,11.52243388,0,0.615139402,6.455034388,11.31971083,3.035494936,16,279,16.21919115,396.9,16.86747543,50
56,0.413762204,25,10.98437418,0,0.726349904,5.342211743,86.41114757,3.142432717,12,666,16.38734379,186.3849556,8.257573225,49.99933916
57,0.049436759,0,17.44930466,0,0.585451274,5.422693061,96.55226563,6.33462215,17,711,15.76124262,396.9,10.92690276,50
58,0.09338217,50,16.86532684,0,0.629613727,4.394405581,57.58307951,2.282825972,5,666,18.50186792,396.9,38,18.72320922
59,0.201395653,0,2.653333209,0,0.463090416,6.95978166,82.76430191,6.409326181,13,666,15.68461977,189.824934,33.57983383,45.00900792
60,0.436334622,25,10.3387059,0,0.620359957,6.310658914,47.70232995,3.688604305,8,711,15.95182786,200.7363938,9.380252434,50
61,0.076153131,0,18.28696417,0,0.502464868,7.033495792,71.96748004,3.064211598,24,666,16.9851899,396.9,3.976204384,50
62,0.108306428,0,9.423929296,0,0.495627296,5.503583403,79.89263158,11.59356554,5,711,18.80460249,274.7021436,8.917695821,46.31374141
63,0.035879041,0,19.43839084,0,0.657366822,6.317085138,84.28226129,1.958502705,12,711,19.01667792,396.9,11.77152329,50
64,0.032210978,50,6.795057586,0,0.658194805,6.450378554,85.50021058,2.781963909,9,711,21.23063401,192.6685568,13.56159361,46.88035328
65,0.358807584,12.5,13.59680118,0,0.752613059,5.906752254,78.07689233,1.792810285,3,279,21.1799273,372.4743139,7.633696898,50
66,0.689001407,0,17.98865552,0,0.744791582,5.212600541,51.76874876,5.345371174,3,330,20.75414489,354.8711699,32.39196361,28.33276089
67,0.124131704,0,4.086955871,0,0.660077819,7.522109935,71.27044464,7.726024743,1,279,17.92444222,338.0541852,10.73085808,50
68,0.451237928,50,7.084138493,0,0.38,7.279498339,72.33301304,7.651956683,22,711,14.44940009,396.9,24.26770863,45.56332801
69,0.208871349,0,18.1398437,0,0.769321718,6.03264741,52.35555225,6.122523674,18,330,14.40070832,396.9,16.98503145,45.64338497
70,0.062402889,50,8.761461558,0,0.66015612,6.657159352,29.27709646,3.007742406,24,330,20.73900573,341.7430326,28.87817828,45.49496582
71,0.208811098,0,12.01266821,0,0.458096789,5.960646527,43.32476999,2.765937152,12,711,20.35625984,264.7101711,14.25699699,50
72,0.856966783,0,13.52313283,0,0.637469099,5.603217478,52.24010304,1.439671718,9,330,17.14325018,396.9,9.440492372,49.10178394
73,0.129640344,0,5.544055992,0,0.425528111,7.579083053,99.08051895,9.188353586,9,330,15.33038025,396.9,11.4827703,50
74,0.884769948,0,12.30578801,0,0.624235614,5.141241783,83.27108117,4.197499702,18,279,16.19626775,367.4271158,11.58034114,48.60670368
75,0.005836091,25,10.4920305,0,0.392047595,6.100147412,64.98809976,2.596129151,18,330,18.88432746,396.9,38,32.6769878
76,0.362867692,0,5.26857591,0,0.453013791,6.359026679,62.57119455,6.449666632,7,711,18.8884342,396.9,17.2171015,50
77,0.150236657,0,6.157866806,0,0.635191496,7.455865605,60.01623892,2.04136304,4,187,20.7935688,287.682384,16.49042136,50
78,0.094532762,50,18.25668005,0,0.678746409,6.927612058,65.50254809,4.068649056,13,187,17.50922019,396.9,27.91644452,43.91946837
79,0.151088871,0,4.249763116,0,0.589052423,5.129425158,70.87597931,3.045561951,17,187,17.96312074,306.673749,16.44395754,39.50836808
80,0.012461858,0,13.07818388,0,0.515659764,6.298074831,56.99633495,4.569201988,24,711,20.97570687,396.9,32.23348411,39.06342283
81,0.103974847,80,9.247095991,0,0.38,6.314742139,92.68230627,3.21624082,2,187,13.82479122,339.4916376,13.15436107,50
82,0.207740637,12.5,13.65019196,0,0.524917468,6.140163165,83.15224269,1.607268339,14,279,19.19839648,396.9,12.3767059,49.36656361
83,0.797297698,0,12.82647254,0,0.614018209,6.733866375,28.02088508,3.447978738,3,711,17.76469669,317.5246277,9.13246733,50
84,0.072662906,80,8.34558505,0,0.511988187,5.313625151,94.37284871,5.609334421,5,711,20.06807151,396.9,38,28.69501462
85,0.051293444,12.5,5.557216571,0,0.547290647,6.013954861,8.474003497,3.271968518,14,711,19.62773453,267.9320002,15.76993226,50
86,0.074117141,0,16.65951598,0,0.527725904,6.635173124,77.12134417,4.891786434,3,330,16.96811878,360.2913681,8.130110574,50
87,0.405953175,0,15.09546174,0,0.511395254,6.77570298,94.92336301,1.968428005,23,330,17.38386332,396.9,18.5060246,48.83547859
88,0.200789403,25,9.655401611,0,0.559105287,6.404593631,92.99502534,3.276807428,7,330,13.43565406,396.9,11.13360123,50
89,0.071667906,12.5,8.821125065,0,0.51727665,6.09812546,49.62134759,2.429644068,18,666,20.1499813,374.4746147,13.01677957,50
90,0.250554434,0,3.763481553,0,0.723194746,6.216041108,25.17601265,4.823454729,13,279,19.0275024,396.9,19.81525428,50
91,0.152055919,50,13.33203752,1,0.38,6.818284986,67.54845146,3.372808504,23,711,21.57672718,396.9,38,32.59647245
92,0.432736617,25,17.27306445,0,0.48449889,6.323730549,14.99125489,4.688144326,22,711,17.62131992,396.9,17.4781445,45.8434939
93,0.058281899,0,3.714325967,0,0.445569253,5.570706718,96.79388951,5.719350289,10,330,20.51153831,396.9,10.73358851,44.03758581
94,0.091337433,0,4.252274248,0,0.576293272,5.436551691,35.33446833,4.69176708,13,711,16.1461627,396.9,12.14662186,46.28998586
95,0.084540059,0,5.618255971,0,0.559257374,5.257253805,94.5394232,3.805925587,16,711,12.6,396.9,24.38256462,42.07338206
96,0.023371968,25,5.738018593,0,0.744663172,7.318906573,46.16892177,2.015553547,9,187,18.29206933,318.9921494,5.078395933,50
97,0.193079035,0,8.250258556,0,0.784137046,6.865223285,77.04838454,3.315495036,2,711,17.25330014,396.9,8.796823006,50
98,0.18512321,0,7.784197957,0,0.457229985,6.225458482,71.38817692,2.54328054,23,666,16.18819286,389.4403979,18.68250727,48.43659626
99,0.136168274,25,3.480520126,0,0.550060008,5.98234526,59.8632202,2.795379908,5,330,20.47583187,322.1363041,5.906174054,50
100,0.10213043,50,17.63564699,0,0.57355653,5.898248994,60.7965029,2.753114798,22,279,21.15814268,347.9250156,13.63294476,46.54268832
101,0.024762004,0,4.255328282,0,0.45426235,7.065265975,36.06397934,2.03406695,17,279,18.73192681,376.943076,12.34240604,50
102,0.081694027,50,8.012822746,0,0.625405844,7.633103456,23.90502295,1.247735995,23,187,18.09845805,278.7454538,27.83986853,48.74592596
103,0.08970243,0,5.080482055,0,0.521259116,5.876224953,76.69203491,2.377212246,22,279,18.63795842,396.9,14.15164116,50
104,0.051677504,50,15.153888,0,0.421883818,7.096890864,62.08046532,3.657170372,4,279,17.06356226,347.6405204,33.51572828,39.81852912
105,0.111520945,0,6.456789035,0,0.516451803,6.319609041,70.35761146,1.692000366,17,330,19.73771109,364.7285538,17.24157837,46.82898813
106,0.21977764,0,9.080378532,0,0.430279051,6.151299749,26.46219271,3.346252685,9,330,15.11338163,396.9,38,39.61401762
107,1.301377191,25,18.13010684,0,0.67439762,7.352949998,19.11763156,8.586010667,20,666,16.13922812,368.8070867,7.152819548,50
108,0.166875605,0,6.793284741,1,0.778187111,6.292883995,35.10722986,5.537417726,2,187,16.75922547,396.9,38,35.12912306
109,0.184346244,0,9.900307048,0,0.579378325,6.507455107,32.04274384,7.551685282,24,279,19.69098195,309.2418797,12.84974165,50
110,0.123769403,25,4.658029072,0,0.563353212,6.473791753,64.02297545,4.037250692,18,666,17.83452231,257.1666447,38,30.05791179
111,0.013534335,25,7.921150625,0,0.568292172,5.162080443,72.35575063,5.952164361,21,187,21.49285887,330.6106236,33.48644801,31.97197899
112,0.131097147,12.5,11.61166713,0,0.691868083,6.501887804,71.21422319,2.31177964,22,279,20.26728146,100.8609623,2.970871356,50
113,0.145478969,12.5,3.658744738,0,0.68928388,5.906115583,70.6921747,2.405673405,11,279,16.73759501,396.9,21.92222421,43.3645704
114,2.600985821,0,6.922031044,0,0.536121572,5.305192802,81.92651187,0.844027583,13,330,19.89362474,262.4602327,29.92133759,39.11862788
115,0.107438879,0,10.12298535,0,0.580310791,5.938004044,52.73133468,6.007884783,8,711,17.60194454,300.7897166,36.49428387,30.78968617
116,0.194340561,0,2.172313889,0,0.628317569,5.932227791,67.63884795,7.17183816,1,187,19.54099709,396.9,8.117463175,48.58323257
117,0.129813805,0,11.34662206,0,0.413477505,7.020917777,94.80015026,2.517865144,17,279,20.37389876,367.8400199,23.43441664,50
118,0.033292816,80,9.583031994,0,0.695512988,5.555347269,40.81085899,2.92420938,12,187,20.95237212,316.9103633,18.48656417,40.97433282
119,0.53333122,0,5.917791605,0,0.758179827,5.747106793,27.72552603,2.277478576,4,666,18.94444745,171.6746441,21.30294615,38.81949365
120,0.333644121,0,8.615163015,0,0.689803853,6.464771782,25.76110086,4.020180394,21,666,22,396.9,29.94498581,45.77221683
121,0.349671316,0,18.02466576,0,0.400528731,5.37194436,70.87109067,5.826790141,13,711,19.47089158,396.9,32.91820709,29.9822827
122,0.045444433,80,2.913678172,0,0.38,5.838695269,97.94425683,1.3890416,9,279,18.79711475,396.9,11.09566207,50
123,0.728588027,0,8.250220617,0,0.635046241,5.134866285,63.26703865,4.07438276,7,330,17.83446835,302.7294349,19.28353454,42.54424319
124,0.02516701,0,15.13780198,0,0.458777266,6.944008022,49.58137859,2.891178239,23,279,17.11112016,224.6450259,16.85557041,50
125,0.273686637,0,4.785550788,0,0.584456002,6.089045816,34.20593214,3.513796919,24,187,19.4237442,396.9,14.24475013,50
126,1.874883925,12.5,6.433303979,0,0.734217846,6.288857508,90.06491681,4.176597838,5,666,18.7216668,339.8865475,15.08551291,50
127,0.041227755,0,13.89471983,1,0.471165379,6.941207224,24.93085705,3.021939309,5,187,19.07381632,396.9,18.49670014,48.71617755
128,0.068593515,50,8.343072201,0,0.504693441,5.794411781,62.1402362,3.152533998,17,711,19.55764082,396.9,11.45940785,48.79998971
129,0.152526281,80,5.551216154,0,0.583206757,6.081609094,88.57838196,2.983396499,9,666,19.06452325,392.3219318,27.933371,34.14297468
130,0.073964444,0,3.436666767,0,0.394298843,5.5605704,31.36998067,5.393303551,6,330,22,372.2241999,35.21897405,35.82093885
131,0.021051234,12.5,12.68685167,0,0.459057256,5.559047395,65.75819091,4.093416617,19,666,17.33847725,377.9302536,10.05081843,50
132,0.146940956,80,19.3220389,0,0.5529829,5.655591974,20.88906087,3.707255216,16,279,19.45104536,208.0104151,36.27025315,29.52032496
133,0.037825778,25,9.2497658,0,0.513945416,5.955256726,40.13861552,1.75861073,21,279,17.99907493,396.9,10.06218105,47.17390092
134,0.238905051,0,12.31732274,0,0.62300893,6.030643126,55.33430988,2.747551437,2,666,13.08476135,396.9,28.18168072,40.87378271
135,0.044900377,0,5.881626177,0,0.87,6.502042506,8.206734302,5.203516152,10,711,18.07435979,396.9,36.22999208,41.65059164
136,0.869289807,12.5,4.166243205,0,0.561896601,5.676148136,91.82013945,3.38328891,16,279,16.43970648,219.0981782,15.53807685,46.66613718
137,0.052870807,0,2.955802837,0,0.448994566,6.523742873,59.3326117,4.617095071,5,279,18.35299059,345.9754569,10.11178277,50
138,0.091953357,25,11.01783394,0,0.720188843,6.639500904,89.95899033,8.030573139,15,330,18.44191445,396.9,11.55121009,50
139,0.359234702,80,15.22138004,0,0.38,5.972524472,95.76445101,5.580637597,13,666,19.34778735,305.5164167,20.43224151,49.04417596
140,0.030898823,80,7.093859056,0,0.383331019,5.736692799,96.71257363,3.478423482,13,279,17.33360537,396.9,38,29.51263203
141,0.177808513,0,12.1690842,0,0.478587587,6.359555322,85.05513923,2.571541218,13,711,17.60879559,362.0137808,5.955768796,50
142,0.649580379,0,7.94729313,0,0.516053594,6.157957776,78.30243827,0.926098389,15,187,20.04152604,396.9,17.46406217,50
143,0.019663722,100,11.42435383,0,0.475711272,6.45424628,34.02999575,3.052031818,14,666,16.72007124,319.4951314,15.59821852,50
144,0.168901535,50,6.759952411,0,0.546218521,7.398906505,64.63235176,2.820724458,8,330,14.45540342,364.6786602,12.50447954,50
145,0.18486293,0,1.354610855,0,0.582969028,6.348045934,89.53119525,4.035713433,11,279,18.84546899,396.7410876,15.66659651,48.30841358
146,0.345828409,80,4.930980985,0,0.678275144,5.852538607,45.27327762,3.074208244,18,711,20.85586724,258.4257084,11.87792822,50
147,0.03067397,50,5.742920992,0,0.560942593,5.676377272,93.06214412,2.828672358,24,666,20.01619705,381.9260947,34.67064096,30.4236957
148,0.027749209,0,7.849383424,0,0.48256645,5.703458858,37.44524318,1.363834932,4,711,18.88606523,112.3441977,36.79994255,31.83416416
149,0.253176065,0,10.69181166,0,0.671757446,5.276063585,65.02275517,2.075113986,10,711,21.25141976,302.2633374,17.33766258,39.29795259
150,0.193279415,0,2.422181002,0,0.451874143,6.952920526,16.57800476,4.213634262,1,330,20.88043793,396.9,15.10933843,50
151,0.182791599,0,3.253724264,0,0.38,4.736704826,96.91982694,7.829931923,5,666,17.77198804,396.9,12.23349885,43.44913815
152,0.20509907,0,7.365799396,0,0.694714722,6.641673372,51.08334278,3.162102986,13,279,19.0445478,396.9,17.36000162,48.52014959
153,0.059843069,50,16.36191739,0,0.687022389,5.692355265,76.72814875,3.911439782,1,330,19.13901249,230.4811736,38,33.42856598
154,0.178834307,0,10.06623417,0,0.454924193,5.94131635,86.45047912,5.345414435,23,279,18.30914862,396.9,15.4523247,44.3225704
155,0.192374164,0,3.357977247,0,0.502108138,5.671408651,71.62659245,2.213451433,8,187,20.99534466,253.3373744,9.937749248,50
156,0.057428091,0,2.358558586,0,0.439968695,7.312105262,80.72792833,3.9884673,3,711,18.16529105,396.9,12.95320004,50
157,1.269888896,0,6.697486799,0,0.589194906,6.311420921,23.94640006,2.292756824,3,187,17.39938644,256.3691292,25.84409075,39.3698376
158,0.238974006,80,7.180346792,0,0.757845915,6.853264968,53.43985285,5.116201245,7,711,12.79860923,286.6382354,10.69052652,50
159,0.032401058,0,14.07495252,0,0.634345816,7.210368801,55.02073121,3.581212836,4,330,16.74373146,269.9722286,16.11541622,50
160,0.297561108,0,3.279030386,0,0.674286957,6.414383832,25.06100495,3.85444068,3,279,15.6060806,369.6452316,21.83971019,45.01766271
161,0.042019646,25,10.52525215,0,0.6483674,5.46306336,37.35282517,2.244989179,15,279,18.41112847,339.2063593,11.18845325,45.4945989
162,0.348018905,0,3.441998305,0,0.549985702,6.145550075,93.39887478,4.728065718,8,330,15.74188365,396.9,5.705077499,50
163,0.543521886,0,15.62868253,0,0.680000853,5.780426391,11.60683904,9.415492403,3,666,19.83910643,355.3042297,8.646621976,48.71297792
164,0.050548663,0,13.8875735,0,0.639403668,5.947547087,94.12387053,2.005802344,7,187,20.93856274,218.8735157,9.823132808,45.37747804
165,0.430009213,0,13.37425292,0,0.722733486,6.233763345,73.97689096,2.801403373,18,187,18.43145513,382.0989346,14.33499308,50
166,0.222092151,0,13.52236942,0,0.494854127,6.206091051,53.93903202,3.727745909,11,279,16.33516102,196.6429258,16.88760291,49.48379418
167,0.362936349,0,6.233061051,1,0.38,6.588476413,88.24279891,4.919481339,11,279,19.13008083,276.5692866,26.95640087,49.83708259
168,1.318047637,0,16.5925392,0,0.675430122,6.690113006,97.73005122,2.509859705,17,279,22,323.8838868,7.874631538,50
169,0.100815241,80,7.24217356,0,0.591972342,6.206098377,79.3674103,0.805320338,6,330,21.98145738,317.5784899,24.70417166,44.81169094
170,0.054777081,0,10.56597434,0,0.514474468,6.582428243,65.57260809,6.550849573,8,666,15.40662687,207.0854479,13.16347427,50
171,0.046541201,0,16.87000666,0,0.521181663,5.915448102,58.22289976,4.856184561,1,187,15.32500131,396.9,5.633165955,50
172,0.050845058,12.5,1.980843215,0,0.856562359,7.220345878,85.30936383,1.388919678,10,711,14.76101983,396.9,16.57912204,49.64397211
173,0.123375584,0,14.34031088,0,0.472936642,5.904142098,72.03290613,2.45031259,19,330,15.9986452,396.9,36.22540002,33.07338753
174,0.2037997,12.5,10.85867227,0,0.447603603,7.138030539,69.71748741,7.2724353,3,187,19.05350343,396.9,27.93467451,47.72612921
175,0.188629399,0,12.04857229,0,0.560234108,5.266753036,84.16862158,6.847599886,4,666,17.27527259,321.014365,15.70906216,46.74707961
176,0.365174448,100,4.343072664,0,0.691658905,6.03371492,89.65826466,5.308556811,11,330,16.65492592,319.4461636,32.31276553,37.09324011
177,0.137463379,0,4.456085502,0,0.823408238,6.068315278,99.40922954,3.040262265,15,187,20.78604149,314.4216609,18.45496811,49.60717127
178,0.774328476,0,8.019368468,0,0.628883796,6.495294256,98.69328981,3.460779004,1,330,19.66620486,396.9,29.62780554,43.83250264
179,0.098510888,0,7.995176846,0,0.397550951,6.903271762,84.03282609,3.109733706,9,187,14.74965422,346.4857263,6.068057874,50
180,3.540270016,100,6.050533203,0,0.786503712,5.425423358,74.41560546,5.836433403,11,187,20.65979428,396.9,7.769426179,46.30133027
181,0.286734327,0,15.57404573,0,0.547663756,5.524411871,83.40872868,2.142725886,19,666,19.61327639,396.9,25.46797018,40.00851026
182,0.048383856,0,0.377309065,0,0.449474868,5.318664353,83.0744701,2.219096592,13,711,19.66217917,374.2488549,38,27.47888576
183,0.037437927,0,6.901785963,0,0.420472905,7.224128938,19.20899557,5.502141023,16,666,17.24495715,224.9006832,21.12331567,50
184,0.241464431,25,2.674874302,0,0.650359446,6.50832346,81.52418248,3.247285031,4,187,18.0879308,348.4534039,12.20197564,50
185,0.103502932,0,16.31154969,0,0.578659526,5.540940154,92.72021141,6.614298055,1,330,14.16001264,370.3739311,9.871881711,50
186,0.318797426,50,10.14192503,0,0.591409045,5.989833588,66.51615543,2.373211014,20,666,20.40737068,396.9,13.61008282,50
187,0.238803354,0,6.629813304,0,0.704380374,7.127232977,54.1735081,3.230415672,13,711,16.30236058,358.77067,34.06199324,38.31182165
188,0.124009799,0,3.66965009,0,0.453741449,6.105316539,88.25901888,2.093408309,1,187,16.58461613,247.0168937,13.38967352,50
189,0.048989345,0,9.814732385,0,0.713938555,6.063968304,66.02010811,3.33236193,5,666,16.55488915,396.9,30.83519538,43.33173648
190,0.021975729,0,2.999244805,0,0.487701121,5.753092305,40.34955654,1.585225283,5,666,22,336.2937397,24.32595471,41.63544101
191,0.079196914,0,10.1277612,0,0.809680885,5.58250538,59.2790892,2.601747383,14,666,17.02885106,125.382291,38,37.78495886
192,0.378204038,0,17.48563419,0,0.621848682,7.128326667,85.75262184,1.619104255,23,666,20.5729726,386.5735963,18.54420095,49.67746942
193,0.174979316,25,16.47097826,0,0.439571376,7.471731112,75.57913368,4.697176655,14,330,18.44721737,396.9,15.96249939,50
194,0.030352192,0,4.332006459,0,0.38,5.610363918,63.92410492,4.7507128,8,711,16.67595863,280.2926244,31.7725676,37.5297937
195,0.166596112,0,16.19366055,0,0.647070967,7.28345963,68.70809593,1.397756757,4,711,16.27711988,339.5238321,9.382463134,50
196,0.21489212,0,1.473117427,0,0.505098367,5.958827409,37.44169169,6.468491141,7,187,17.11651661,396.9,12.59865187,48.4218105
197,0.046858216,0,6.807896016,0,0.531332117,6.673553597,44.0514311,11.57337919,20,279,18.33618491,387.1924169,6.00142627,50
198,0.162751648,0,4.521348734,0,0.641943521,7.287149663,23.63354767,3.397375403,19,330,19.82382163,214.7982175,7.747771585,50
199,0.145126495,0,1.193228004,0,0.671249659,6.198446383,72.63590645,2.409556896,15,187,17.46381831,396.9,38,32.21613944
200,0.034335882,0,12.59876033,0,0.696845241,6.070440656,24.0774303,13.62852872,22,187,17.38149417,396.9,24.9129748,43.05873506
201,0.207908923,50,14.10962797,0,0.409019043,6.860756675,23.84929796,1.716892122,4,666,16.56145868,310.5732664,7.225229876,50
202,0.265256348,80,13.77967687,0,0.72110737,5.523033014,43.79404374,3.353663175,19,279,15.87310729,183.2016869,33.67977123,31.7547588
203,0.496417234,0,8.786092249,0,0.48051456,7.102942964,66.45487358,3.632100519,9,279,15.68907976,396.9,10.78095846,50
204,0.479295703,0,9.759624336,0,0.38,6.399966575,90.94516681,6.505017552,21,330,20.67366362,295.748588,24.15690752,42.21293835
205,0.025908006,12.5,18.24899221,0,0.408587158,5.895574644,99.54647009,3.974382887,13,279,17.33655401,396.9,23.94137569,40.449694
206,0.043919799,0,6.839877534,0,0.576163011,5.877082678,53.40515529,2.587476437,14,187,17.53139302,396.9,38,35.77008554
207,0.251086525,0,9.857501699,0,0.43254229,5.331576242,59.92286415,2.063508759,23,279,17.03345232,216.2860103,11.90980666,49.8776214
208,0.250710383,0,5.667265195,0,0.539434664,5.924679483,59.36953256,2.798515477,14,279,17.80291616,284.5074999,10.54722052,46.23109869
209,0.251090267,25,14.27847496,0,0.590590299,6.115173567,29.15265995,2.006789777,22,711,19.31636318,339.302357,3.275840545,50
210,13.78082025,12.5,13.85857403,0,0.528233752,5.557094528,12.25124668,3.400466608,10,187,17.42886219,396.9,15.28598085,46.85935409
211,0.268492745,0,10.06565902,0,0.490677479,6.268174517,64.95570962,2.504031192,16,279,18.89762775,396.9,25.41140018,43.64823355
212,0.528706812,0,8.739915791,0,0.399916472,6.631041959,92.42758679,1.572994462,5,279,21.62005868,379.484752,27.58257689,45.40919815
213,0.425199043,0,9.031082442,0,0.552633257,6.150569505,34.46564484,6.218774703,23,666,16.69673916,208.4677306,34.8634718,36.32226239
214,0.295723466,12.5,9.815720067,1,0.38,6.763908079,45.64585794,2.5887205,6,279,17.53316981,325.5575549,19.56776257,49.46674123
215,0.092705906,0,2.029229786,0,0.467680235,5.735002012,99.75756261,1.761087644,2,279,19.91033259,286.4874228,22.26172132,42.31243999
216,0.336473147,0,9.984118936,1,0.438665907,7.002367935,98.78569597,3.052223779,13,711,21.79405157,396.9,17.13070152,50
217,0.053536573,25,17.06821151,0,0.521274778,6.385270294,61.68628322,3.435580074,13,187,15.76691739,391.296508,25.14031923,46.09482824
218,0.101857314,0,5.062104698,0,0.524400424,7.381680019,69.91980011,1.386477887,19,330,14.75823115,262.1949835,9.388209428,50
219,0.075589624,12.5,9.704355232,0,0.665194801,7.989952119,57.56097195,3.918950285,18,187,18.49866603,281.1528264,7.063361713,50
220,0.149306949,0,7.785427093,0,0.740017273,5.970829485,59.81827975,1.966826275,19,666,18.27147083,324.2347927,10.00172116,50
221,2.176221857,0,6.322023229,0,0.415866539,5.999655286,69.4190986,7.810854779,1,187,20.04037245,335.2183938,18.69346936,45.52544478
222,0.014397248,0,13.36316795,1,0.789139915,6.127630515,45.99948427,4.314494879,8,279,19.70463276,353.1608086,7.536404417,50
223,0.308359869,25,5.775755335,0,0.456484528,6.716991575,68.78809026,2.718417759,22,666,18.4252809,361.4474626,11.24646103,50
224,0.019540637,50,12.64719069,0,0.570703214,7.228178979,42.62638679,2.287400717,16,187,20.80827268,396.9,11.46413458,50
225,0.07681785,50,9.442668188,0,0.611303559,5.843034061,61.84126234,3.150358155,2,666,17.00176116,320.9447979,26.28747859,40.73923092
226,0.499943952,0,2.675254442,0,0.84334993,6.566870987,57.0311914,4.510442982,8,330,18.96547774,307.5354175,24.43599564,46.6685556
227,0.146187684,12.5,5.441924924,1,0.484926119,6.204850897,80.32883903,3.278063775,6,187,15.8254441,235.1715641,17.15503395,50
228,0.037131347,0,8.665562279,0,0.38,6.732676372,66.62530076,2.978502318,16,279,18.40731779,336.6288098,21.55567082,49.6191472
229,0.057362503,0,5.736613921,0,0.728845536,7.356620385,55.81906268,3.418442867,23,666,15.2855104,380.3138584,21.81230514,47.7352203
230,0.305904383,50,7.638960779,0,0.449995173,6.131770234,78.44789166,2.454861967,11,711,16.0451442,200.1072311,13.2212881,47.58890969
231,0.056334961,0,7.878274739,0,0.50660937,5.131092633,44.80441905,2.796579425,17,666,22,325.838998,11.87577269,50
232,0.17547658,0,5.605731062,1,0.415870042,6.820731174,78.42029826,1.170117043,23,711,14.48601735,396.9,38,41.76366178
233,0.142942362,0,3.706970497,0,0.506955547,5.717106347,73.6436536,5.402507056,19,279,18.02336627,396.9,3.693310894,50
234,0.061919482,0,10.772708,0,0.449153016,6.199818984,41.53564349,3.855107491,11,330,20.31987327,390.9824187,10.5404262,50
235,1.773106171,0,0.217437382,0,0.631173018,6.850921586,73.83566736,2.255275364,8,711,22,396.9,14.55202977,50
236,0.289587676,0,6.762368752,0,0.559694996,6.508176397,47.89004576,8.579430111,22,330,18.88956509,304.7929114,23.01096534,39.45709497
237,0.011912451,0,11.0477521,0,0.468273381,6.228795982,80.46047272,3.467757877,4,666,19.01528428,292.6702995,32.50207442,34.89035897
238,0.169270911,50,14.10161272,0,0.669504637,5.896882801,87.93131352,1.977687463,11,279,18.58730784,396.9,38,32.18919307
239,0.061167226,50,7.002238782,0,0.58059961,4.270074354,70.56699087,5.09555561,8,711,20.82591569,396.9,15.56420288,38.3092373
240,0.37640861,0,18.13651872,1,0.38,6.788824571,36.36032909,4.051244461,9,666,19.44974784,289.089155,16.20238778,50
241,0.052286091,0,3.348547675,0,0.660364398,6.122933811,95.25469901,4.044225223,2,187,17.23480687,186.0361197,20.44147727,50
242,0.117927679,0,8.754019092,0,0.572184146,7.359335395,67.60860217,2.683500765,16,666,20.95412572,290.9780851,11.95712622,50
243,0.248077206,0,7.31036551,0,0.716887899,6.578619621,73.47024423,4.158888545,6,330,17.48318043,396.9,8.080531392,50
244,0.382474319,0,2.735187022,0,0.564870091,5.921212239,91.35624631,2.912817585,21,279,14.98330854,297.098327,15.5218657,47.32919735
245,0.032053282,12.5,10.27147837,0,0.454994878,7.046809062,41.61679325,4.384040229,21,279,14.99028601,387.0361708,25.71882915,47.36375858
246,0.090590903,0,7.840750917,0,0.52548456,7.105790584,79.77195373,1.280854935,19,666,18.05765008,396.9,14.2142635,50
247,0.076540568,0,3.163626525,0,0.64647032,6.14667773,83.73925613,2.672630701,8,187,18.72669144,348.5345359,21.07444635,50
248,0.061791153,0,10.18258769,0,0.457511553,7.135551406,46.58830177,7.854428783,14,330,20.6023844,378.2903739,5.358636789,50
249,1.125857636,0,2.002321395,1,0.497164386,5.911284361,62.0349969,2.262490669,24,666,19.90979611,396.9,16.62724764,42.7636575
250,0.220023274,80,11.84534358,0,0.52339737,6.411753439,36.64101986,2.454887294,16,666,18.67567208,258.5303325,12.90909428,49.98595616
251,0.029805547,25,5.104792034,0,0.412075407,6.699985871,94.50582153,2.653871005,12,279,20.72532308,286.6525205,7.651683942,50
252,0.407153236,0,20.73628016,0,0.459241189,6.849347109,33.35311082,1.808679339,5,330,18.52802339,396.9,24.39376342,43.15201466
253,1.727348263,50,5.104951292,0,0.570706023,6.735065294,66.84840322,1.100604541,24,187,15.66093073,360.3640444,38,32.45507909
254,0.467179518,0,7.789742163,0,0.69429733,6.067139974,62.24189785,2.95857224,24,279,15.18140489,368.0800335,29.7841197,38.48842046
255,0.021856783,50,10.22577748,0,0.588057638,7.065588348,96.20547228,3.553488198,19,666,21.31311296,360.0290103,30.94617495,41.09153633
256,0.075692145,25,5.808437736,0,0.544496649,6.212900874,6.884130635,3.234089598,18,279,13.56049446,396.9,25.2161893,40.40652366
257,0.618964957,0,13.26356872,0,0.450247507,5.901680846,87.71186316,3.088114526,9,279,18.05837056,396.6498503,24.23676923,48.2720427
258,0.05789042,0,8.754439031,0,0.681419249,5.911963423,88.59170897,3.392341651,2,711,22,396.9,5.586432212,50
259,0.230520223,0,1.294848986,0,0.60202066,7.657991874,98.06605759,5.536822254,20,279,19.51031358,396.9,15.22942528,50
260,0.342857923,0,2.557885551,0,0.465192428,5.7806116,89.86473916,3.018550976,12,279,18.04120579,396.9,22.31372277,45.19442028
261,0.044497754,12.5,14.21297506,0,0.657837815,7.204144659,62.67295635,2.491683812,2,330,14.79418455,396.9,22.62018996,48.44785244
262,0.126005411,0,8.218599119,0,0.617149247,5.505173313,76.85278818,2.884747163,10,279,22,304.3097538,35.26968149,28.9571789
263,0.002768303,0,7.121856223,0,0.452376358,6.641533812,60.91596878,4.435646511,1,187,21.17042132,396.9,8.85127406,50
264,0.039586578,50,8.012366463,0,0.537834609,6.507958416,44.73321854,6.726220791,4,666,20.00655321,257.1936621,23.67365838,50
265,0.099950343,100,3.104639122,0,0.490867273,7.434858816,98.27644772,2.425234281,12,330,18.49876859,396.9,8.679599592,50
266,0.030277821,0,6.838533965,0,0.866024553,5.841918673,99.52336337,3.488482729,9,279,19.75842694,299.3096529,14.48306805,45.81350301
267,0.959726976,0,7.881999916,0,0.613809386,5.648535047,62.87354338,3.932120001,4,187,18.17303367,350.7264785,15.84449618,47.94796058
268,0.02432697,0,20.67342123,0,0.572411447,6.218442735,89.97472184,2.02123962,9,666,16.358826,358.690411,27.59246004,40.51386862
269,0.079814237,0,7.516948202,0,0.606719567,7.46536128,58.01951497,3.354184207,6,330,20.60393685,278.1056618,25.71236573,50
270,0.158324064,80,7.339490789,0,0.715499511,5.681089064,9.651378152,1.595461556,1,187,18.38855096,364.8913987,17.67583323,43.22653909
271,0.763019224,0,8.302152448,0,0.539994383,4.488108357,50.72223769,1.370910131,10,279,19.64827672,282.804232,4.52120019,50
272,0.024160539,0,8.166153615,0,0.479210884,6.341837486,59.04541199,3.988332421,14,711,18.23352887,244.620148,21.47523133,49.87675157
273,0.54650955,0,6.898453707,0,0.651313987,6.964666043,57.57209028,2.740286918,22,711,19.51600264,353.4761494,14.00471577,50
274,0.137007402,0,12.77115963,0,0.529006652,5.590335847,89.38284938,3.6734828,18,330,18.46811599,396.9,37.90501916,31.07651521
275,0.041676812,12.5,6.681335622,0,0.421612561,6.893552521,85.56169554,3.290542719,6,187,18.29639033,333.8842037,32.85474328,38.12266752
276,0.235633928,50,14.32106791,0,0.398237628,5.57486231,75.96833649,2.03765569,18,666,18.56597711,396.9,9.366938006,49.43962439
277,0.171850844,0,6.930389596,0,0.733515586,6.197409025,29.9827915,3.245835691,20,187,22,280.0443674,23.319841,43.0405245
278,0.065857613,0,12.94330609,0,0.565797348,6.826877621,96.90694772,1.792209735,16,711,20.26529537,240.2036776,23.5976319,47.7435422
279,0.14715961,0,11.60639281,0,0.479251914,5.468774219,44.88826653,6.65578352,15,330,22,396.9,22.59006364,36.99051906
280,0.085232172,80,6.260344052,0,0.521879811,6.427059332,61.54685316,1.685420062,16,279,18.48217469,396.9,20.89998925,48.11810709
281,0.155085425,50,2.700749946,0,0.646893366,7.150481458,93.93707346,3.010503572,8,187,17.82007247,376.0148551,24.00093413,48.11050357
282,0.299559208,0,18.1157075,0,0.514791338,6.631753869,80.28992972,1.971637086,13,711,16.13676647,396.9,38,37.41426203
283,0.907755853,12.5,6.795699757,0,0.38,5.79556176,15.53970146,4.415895244,23,666,22,396.9,11.81265956,50
284,0.030642155,12.5,9.12891183,0,0.589100902,7.363102847,56.72780262,2.813092225,11,330,16.5085932,353.6757382,9.549742837,50
285,1.750042458,0,4.938775841,0,0.695001738,6.760874758,34.98653944,2.561688574,7,279,22,343.1622414,26.30158179,46.26585458
286,0.013003908,80,5.471917087,0,0.686975718,4.9976864,72.91283628,5.086554941,17,187,16.26438567,396.9,5.312076127,50
287,0.112799642,0,14.29947315,0,0.482880407,6.90497053,32.32726498,3.369334664,18,666,20.45065171,396.9,24.34713823,49.41126665
288,0.274166593,0,15.79225916,0,0.702300719,5.900038023,62.18626048,4.298741145,22,279,14.99978354,229.6932669,21.89292184,44.67472518
289,0.189605485,0,10.82760937,0,0.575553997,6.437594483,93.95162156,2.032643234,23,711,17.52769746,383.911032,4.0256987,50
290,0.064104583,0,7.528659889,0,0.698937681,7.005602803,50.35655807,1.64475515,19,711,18.54857936,356.9379917,11.22561257,50
291,0.105425926,0,11.50595018,0,0.618842444,5.915276791,64.57269555,3.502944782,13,666,17.18551977,285.1537856,38,36.48198363
292,0.07490002,25,5.87735156,0,0.38,5.14808517,97.5420186,2.83084944,15,711,18.12748148,350.6472545,6.85990835,50
293,0.066720855,0,8.92845244,1,0.759608673,7.353881634,83.91699856,4.541318263,23,330,18.13800077,250.9554403,18.68189679,49.26525571
294,0.375131937,12.5,3.971205082,0,0.556214062,7.11520843,56.72205749,3.190079294,22,666,20.27525381,219.5055766,8.998490311,50
295,0.207716436,0,3.789350413,0,0.619215259,6.238920791,85.77039974,3.678619955,22,711,13.90914606,363.0831907,10.74705988,50
296,0.058924901,0,10.64299568,0,0.388714645,6.897395016,99.09322424,1.474484939,1,187,17.2615766,396.9,38,37.64448432
297,0.398327738,0,9.659421289,0,0.61063918,6.041429288,76.37497627,8.535367982,16,711,21.26019997,325.3965428,17.70888706,47.93483127
298,0.19568666,0,9.324277818,0,0.682351328,6.367879124,87.88850752,3.058360559,5,330,19.73745583,269.573637,22.42486557,42.88036012
299,0.358952412,25,6.798405791,0,0.78223844,6.19899844,41.94898189,4.705789152,3,279,21.29682978,283.7178105,15.3715939,49.52564458
300,0.288100647,0,9.34983968,0,0.718047975,6.06973914,86.01784817,2.18573939,23,279,20.16933658,396.9,6.625461379,50
301,0.050046935,0,5.165207715,0,0.616506964,6.551511806,79.4701399,3.872905309,10,711,16.11626676,396.9,8.077206446,50
302,0.069098846,0,1.244009256,0,0.38,5.454274823,95.6182275,1.730789423,19,279,19.95397378,396.9,33.35001411,30.70621943
303,0.331791781,12.5,8.28592239,0,0.565872735,6.123893418,66.85868741,4.162158955,5,711,18.72042416,396.9,18.0245603,47.57743626
304,0.281518903,80,2.82760681,0,0.478898852,6.520135631,62.37344142,2.77878271,7,330,22,261.6662435,10.35870249,50
305,0.131983032,25,12.35533602,0,0.578197345,7.586670496,83.10786599,3.36893022,14,279,20.26476208,350.2723776,16.22849941,50
306,0.155796106,0,15.47102938,0,0.4040409,5.482726049,50.30954342,4.706699951,3,187,19.6514083,396.9,24.45803466,43.80484264
307,0.627004147,0,19.0268498,1,0.524779971,6.66438714,92.6277587,1.792712515,13,711,19.97273338,229.6748401,21.59999987,42.89729365
308,0.066544415,0,8.151065196,0,0.48793803,6.741104143,54.61029602,2.357859308,13,279,19.53146019,297.0880376,10.36180532,50
309,0.260935209,0,4.834666679,0,0.484220037,4.986296889,77.75534066,4.173112418,10,330,19.47196248,396.9,6.390535276,50
310,0.106178761,0,9.058849592,0,0.485411658,6.58737241,56.32330919,9.479302497,2,330,17.91415459,380.5167451,12.88124109,50
311,0.104223521,0,7.424284976,0,0.533697434,6.916199555,64.17488426,3.09862614,6,187,19.67804035,269.1749052,31.99018643,43.13502181
312,0.505873937,0,8.321016594,0,0.584343371,6.712056876,68.97007965,4.461870439,8,330,20.5866267,208.5952519,27.45713823,44.51165232
313,0.364400996,0,14.16674988,0,0.38,6.241250922,84.24532982,3.147203451,4,330,20.83272175,396.9,21.03614101,49.07011546
314,0.359231433,25,6.57118541,0,0.38,6.533268026,49.53675907,8.768123342,12,279,20.566057,170.1420211,14.84215961,50
315,0.648284632,0,7.539121238,0,0.509357039,6.418891288,91.75168582,1.385954631,15,711,21.81774002,396.9,12.0606965,50
316,0.138789707,0,4.034967427,0,0.526267715,5.117379863,64.07464216,3.48096837,8,666,20.97036267,308.4929564,15.00829364,41.15367867
317,0.306770173,25,7.726125571,0,0.572693346,6.435324227,68.11452469,1.472892248,7,330,19.88273941,396.9,26.28669713,38.33144434
318,0.093264092,0,17.27493463,0,0.462679317,6.043050716,99.10156026,0.948109018,14,330,15.98394624,262.1645047,30.14787282,38.51389243
319,0.199687751,12.5,5.243669642,1,0.551135823,5.80662448,46.46878468,3.852533665,23,666,15.98480969,396.9,14.05429357,43.32476164
320,0.11576747,0,13.21318197,0,0.565182785,8.039478968,95.26949777,3.559958538,19,330,17.95410431,393.6091959,38,43.99969859
321,0.152041033,0,7.199061695,1,0.461853028,7.176831004,66.93380391,2.879398825,14,279,18.60285811,396.9,17.38212302,50
322,0.276426154,50,13.37251457,0,0.671614699,5.494879558,97.89180679,3.148426975,22,279,21.57560337,286.652706,13.35414375,50
323,0.050698203,25,12.54437197,1,0.571238357,6.542645338,19.88259649,15.62933687,13,666,12.6,344.8623896,38,36.79480167
324,1.666731846,12.5,3.743361739,0,0.615635331,7.320617693,42.3010643,2.918040797,21,330,16.22694622,347.2221344,4.840519657,50
325,0.040468926,0,12.40709062,0,0.558261488,5.252660592,18.48390358,4.284749886,1,330,18.07271399,396.9,21.93361117,35.7222622
326,0.031523363,0,2.565664822,0,0.802440772,6.353888199,54.64855274,2.399637274,19,711,16.30691322,393.4524862,15.74182156,46.47858585
327,0.54320584,0,3.071548586,0,0.621567648,6.386850908,66.58293197,3.848241488,1,330,16.74416386,396.9,38,36.95105579
328,0.349936081,0,6.855152662,0,0.491440802,5.407854982,28.51502467,2.94728133,4,279,17.40184339,396.9,23.64032677,39.2218981
329,0.286202345,80,16.39984249,0,0.648516026,6.565685213,98.88252675,2.704023256,10,187,16.4191831,396.9,17.87604059,50
330,0.287657314,0,10.53255097,0,0.38,7.081372473,35.84394378,8.243699949,3,187,16.80066648,230.5597306,24.47324007,47.7696747
331,0.133360922,100,4.182317281,0,0.564352032,7.355633314,76.15971282,5.981028132,20,187,21.49911164,396.9,8.728998228,50
332,0.046110931,0,1.610985465,0,0.588299235,6.125445129,60.7027525,3.555064916,9,187,19.85150035,277.1485399,29.37347043,35.75751476
333,0.148223423,0,11.42096208,0,0.565722491,8.051151525,15.70145559,1.049059483,3,330,20.18067536,353.5052055,7.339337251,50
334,0.06004902,0,8.382672133,0,0.509946535,4.859423273,98.59761112,2.771795731,6,330,18.42492993,396.9,20.39109791,36.93421234
335,0.436111942,50,9.200735443,0,0.428527197,6.549351697,83.53418722,12.82650563,6,711,20.72443147,396.9,16.79982727,50
336,0.113441402,25,10.29099251,0,0.455278359,5.311393976,90.57021788,2.958460899,23,330,20.3651563,396.9,5.709704404,50
337,0.050257442,50,14.28343633,0,0.56224899,6.363127846,98.48124399,5.763868051,12,187,19.81678341,311.0727832,17.13914853,49.7614399
338,0.092027944,12.5,7.664112779,0,0.416377692,5.934665275,48.8968895,6.827586209,23,666,17.06083908,368.6238443,19.47617748,50
339,0.222132272,12.5,15.03601805,0,0.762420114,6.654814219,61.05561898,3.704254256,1,666,17.52751827,372.1940224,11.1014354,50
340,0.068805647,50,4.620199889,0,0.38,6.2111835,45.12395992,2.17948625,16,279,20.82788622,375.4175316,8.957998324,50
341,0.050455452,0,1.896970212,0,0.511187456,5.721811075,48.95660629,0.982498791,24,279,17.36318577,245.0651745,22.09400803,39.01865368
342,0.181304862,0,13.45036377,0,0.563246757,5.767796337,64.08565802,4.674310215,5,330,15.6652469,396.9,20.43785872,46.57348751
343,0.18158342,0,3.299275902,0,0.610890511,7.652721648,98.29174641,2.209181309,9,666,17.32076024,369.2475968,18.84205715,50
344,0.073657316,100,8.994093081,0,0.440089033,6.610466617,93.5073016,3.625800987,10,187,21.9306925,291.278092,16.53211848,49.08403322
345,0.076900264,80,16.08923191,0,0.686115375,5.108509905,71.34578285,1.777290174,13,187,17.32291934,311.646229,11.70553948,41.94547639
346,0.178790585,0,2.0116281,0,0.382740275,6.685551415,29.43620767,2.907754779,15,187,19.22084054,381.5563532,38,35.79822642
347,0.023808772,25,10.12027734,0,0.482064569,6.163726336,97.05410795,3.376567049,12,330,17.14548656,229.3354949,13.74948675,49.9309261
348,0.024998073,80,1.849125467,0,0.624489707,6.303220761,28.29834487,3.797324693,5,330,20.17953622,396.9,9.785796346,50
349,0.057146732,0,8.007317772,0,0.674822628,6.873921708,51.03444065,1.901397052,5,711,19.68095822,378.3604575,16.99053399,50
350,0.104754414,0,0.440457994,0,0.381519844,7.128259022,68.65001008,6.040310841,18,187,15.21939357,396.9,14.75283654,50
351,0.196535752,80,2.787387038,0,0.867404415,5.69883109,64.06669225,2.463424876,12,187,19.08967037,364.0601186,13.55956653,50
352,0.794873307,0,4.862537703,0,0.442301012,6.279180842,97.41433269,1.437298442,3,330,14.79830885,258.2406175,38,32.83543214
353,0.378776691,12.5,1.667631559,0,0.392538103,5.917722298,95.01976982,3.143976154,7,330,17.28105085,247.9999097,8.349079633,50
354,0.111701378,0,10.88619426,1,0.610325787,6.717803527,33.92844299,3.377675174,17,711,18.47484538,321.4457891,16.81821022,50
355,0.132281976,80,9.785566592,0,0.508204786,6.137386854,94.71169969,3.597699871,19,711,22,331.0736662,8.691940222,50
356,0.040638669,100,16.5503058,1,0.490473722,6.320476036,83.21081057,6.560495947,18,279,19.19940742,305.379184,11.88628408,50
357,0.132361857,80,3.297559682,0,0.621477287,6.110806267,50.66564018,2.949912715,1,666,16.81241061,368.6917285,38,30.74704622
358,0.095714032,0,6.515544312,0,0.38,6.225716339,81.11486999,3.127363095,24,187,17.80213777,303.0694239,19.46984841,46.09941801
359,0.199341125,50,2.346629365,0,0.38,7.493255704,37.15899429,1.91249335,5,187,20.5332329,380.1327364,19.32930537,49.66856489
360,0.050152991,50,5.303064165,0,0.478309196,7.973536315,50.27798073,5.004195955,2,711,16.84226295,309.6209942,9.358745588,50
361,0.252388886,0,17.8631392,0,0.679348209,6.563964466,43.71482894,3.640621949,1,711,20.9133527,396.9,12.74612195,50
362,0.851536168,50,11.9151806,0,0.483513365,6.230021154,93.42668317,2.691197162,7,279,17.34928719,328.7810098,38,36.71050822
363,0.118776444,0,3.167016194,0,0.741898802,5.183054267,48.85746811,1.281027709,11,666,16.48629786,396.9,22.18945881,38.92985766
364,0.219161597,0,0.935577317,1,0.694121771,5.76770726,99.43386864,6.836022779,11,279,17.41979349,396.9,13.41228515,47.6673026
365,0.309800353,0,0.838738859,0,0.583953542,6.211284775,76.95362314,1.797074415,18,666,14.94417431,374.6162659,21.42084159,46.3406031
366,0.083620668,0,11.03929783,0,0.590766863,5.799455746,25.60464826,2.470352852,17,187,13.72033064,338.1013687,19.30952153,45.6603493
367,0.177091448,0,4.773887139,0,0.583840315,5.873069466,58.40747619,3.971612786,2,279,18.31842214,218.770115,9.937705984,50
368,0.137395848,12.5,22.14260892,0,0.569166127,7.402772632,95.48302809,1.825257432,7,711,18.35194467,396.9,13.1801914,50
369,0.152165173,0,7.310975309,0,0.506050996,6.32015357,47.20473254,1.573409799,7,279,19.06421593,295.0492859,38,34.14597914
370,0.053524717,25,5.129332218,0,0.51997746,6.382748394,94.97838776,1.148005638,10,279,18.30755679,365.2566242,20.80517076,45.25479359
371,0.139374909,0,2.42171946,1,0.421604781,5.828066608,44.79833208,4.761193997,22,187,22,388.2861934,6.414588139,50
372,0.246005336,0,13.43337599,0,0.38,7.124281307,40.05568572,2.527945399,21,711,18.87050056,340.3004481,22.33435529,50
373,0.772110449,0,5.920549641,0,0.682488473,6.15119496,60.04763175,14.34835134,3,711,15.47178172,396.9,35.94007484,33.7149343
374,0.427896041,25,7.844189087,0,0.568871012,5.935395434,65.22900524,2.019444487,12,330,16.03618732,245.8552465,9.557948308,50
375,1.792872261,0,8.375714466,0,0.550745363,5.193474428,20.98050529,2.09441544,3,330,18.50067027,396.9,12.50207489,42.85898448
376,0.053889637,12.5,7.477392686,0,0.597813895,6.25722866,91.10016808,2.50253324,11,330,17.54206144,396.9,38,37.667981
377,0.385499557,50,11.6640136,0,0.450592305,5.913559399,81.68965632,3.749293145,12,187,15.79734423,334.5757266,16.79275396,45.75498106
378,0.168639902,12.5,2.694929332,0,0.429872534,7.479205822,12.70550957,2.624520809,4,279,18.37053422,335.5940706,15.09363401,50
379,1.873416033,0,7.180611124,0,0.515957837,7.590729084,59.37539211,4.509409019,16,711,18.4027067,155.2692431,7.376986206,50
380,0.051305468,0,6.013561498,0,0.714171818,5.435303654,99.24036007,2.035427367,20,711,22,279.8108179,31.26001438,36.02737704
381,0.049406849,50,12.02990831,0,0.409751077,5.514492733,40.81310112,1.663966385,18,279,16.48460264,324.7947583,14.68635128,48.3715471
382,0.065922783,0,14.02306546,0,0.38,6.106576255,60.12941899,1.35106427,4,711,17.58099883,373.0255528,4.470097582,50
383,0.010581217,50,3.837473774,0,0.487431869,5.728773473,88.59164981,1.092220649,22,279,22,396.9,6.400764851,48.27192108
384,0.072013187,0,12.11204826,0,0.68712399,6.452191603,92.25442752,2.562454249,6,187,19.22288966,396.9,11.74058486,50
385,0.054423502,80,2.684596728,0,0.38,6.071363558,76.02517881,2.856250766,21,187,16.4716996,381.776306,8.639067287,50
386,0.162102333,25,7.43446992,0,0.408365968,6.496372638,92.41214332,2.421244069,15,187,16.92758919,375.7104474,9.491749502,50
387,0.203947468,100,7.934761036,0,0.581625609,7.011265465,55.40223113,6.182377453,1,279,15.82885074,312.3779892,38,40.16211328
388,1.285830749,0,13.64979675,0,0.858388844,5.555044943,96.87750501,6.135030839,3,279,18.66999978,200.925887,25.14134767,38.16114252
389,0.42337736,25,11.68523802,0,0.3870146,6.996647856,50.0035875,2.808353887,5,666,20.76855197,301.8734261,3.502906268,50
390,0.06772605,0,2.915453186,0,0.382367909,5.78994331,57.39962678,1.353967868,22,711,22,338.2994017,13.61819619,46.93797959
391,0.046046772,0,11.48695815,0,0.590643804,7.803937994,81.98983641,2.500891944,17,711,15.23018019,396.9,15.58492274,50
392,0.244217271,12.5,8.935152837,0,0.694560933,7.434683176,99.88791109,2.459822771,14,666,20.41205792,396.9,6.77906807,50
393,0.027756649,50,17.71193727,0,0.475108155,6.220843765,86.1609012,2.390332599,9,666,18.86148816,377.1606154,22.66069177,43.6864086
394,1.218658324,100,5.282949956,0,0.38,5.625491589,57.83788427,2.342316854,3,187,17.9237532,304.1471915,4.831545544,50
395,0.557288703,25,6.432404859,0,0.602049907,5.491593814,70.03327345,2.39472536,13,666,17.58185631,176.6273758,31.75874672,31.64430713
396,0.077072343,0,18.61404701,0,0.623780968,6.911539951,97.49093624,2.736635352,3,279,14.27394996,182.1201996,38,38.50284373
397,0.017322285,0,14.61699435,0,0.763438615,6.278718063,87.40841062,2.416280684,11,330,19.90359698,205.5999815,38,35.57226116
398,0.687046605,25,2.886207735,0,0.628833653,6.94880682,34.47780998,3.684597357,2,279,15.59851509,330.4273925,6.394271091,50
399,0.117955504,0,7.489674104,0,0.649367929,7.842960279,73.25674232,3.9756345,24,666,16.85396921,396.9,7.224381212,50
400,0.597727434,0,10.23713397,1,0.518542583,5.760731943,78.4407279,2.105762125,15,711,19.4195662,396.9,24.91831862,40.70501724
401,0.019974213,0,12.02745169,0,0.842980521,5.438903229,81.00955734,6.26847224,13,279,14.50340175,396.9,33.43515974,33.20375058
402,0.065924177,0,3.538077229,0,0.502222959,6.434792164,95.99935563,2.033927899,19,711,15.59425333,310.126311,26.71891113,39.65198863
403,0.136189557,0,16.71826234,1,0.476569345,7.101331728,83.06923639,1.478605913,22,279,21.18105785,396.9,31.43211699,47.92202466
404,0.143184211,0,1.888283641,0,0.76714179,5.641677797,30.23850281,4.016412277,16,711,18.76852954,272.2725776,37.56588847,26.94323337
405,0.078860204,0,3.688566196,0,0.38,6.324237317,81.69612714,2.206253731,18,279,17.04315699,396.9,18.56633951,49.07455373
406,0.285766544,0,15.90890928,0,0.38,7.259030563,45.83912572,3.898710024,7,711,18.77719154,204.6135549,14.47568075,50
407,0.037585215,100,8.129981883,0,0.564346831,5.156985513,64.15278108,0.998167381,13,330,19.97284794,249.8827858,7.236181682,50
408,0.114079993,0,8.312670826,0,0.549791617,6.464722573,79.53835721,6.660722557,4,187,20.97448936,396.9,13.75134664,48.43220943
409,0.156352025,0,9.035525767,0,0.522653442,5.921927834,68.10801482,4.646650809,9,279,16.05264261,338.4510501,15.07544044,50
410,0.250906881,12.5,4.204482047,0,0.669271571,6.386909614,95.59730021,1.567938541,10,330,16.24535604,295.0317428,9.301626302,50
411,0.317886097,0,2.212013547,0,0.441015258,6.796849003,83.55959273,1.585042844,9,187,19.83835526,396.9,16.07178868,50
412,0.035099426,80,9.874695316,0,0.557700055,6.454565956,87.17393566,7.660926673,7,279,19.90890765,396.9,8.693473918,50
413,0.021473471,25,10.79305754,0,0.506787286,5.592844319,49.32504333,2.296325067,15,330,15.54326824,317.5714465,32.07251401,38.13287933
414,0.62701312,0,9.293324198,0,0.44305378,5.949127703,26.18131174,2.187824291,8,330,16.32791651,382.3401742,21.23168585,42.06203021
415,0.201649712,0,5.410512429,0,0.54257919,7.298615086,30.74805371,1.069267627,19,330,18.07375594,369.4585757,12.48137816,50
416,0.055123242,50,3.31479774,0,0.652311496,6.530253026,15.36281665,2.786011205,11,666,18.55186774,99.73376889,18.41755645,49.35653813
417,0.870560842,80,6.805578568,0,0.804468174,6.888223389,56.56763081,2.962816074,5,711,18.61424573,229.9767328,8.473521151,50
418,0.155487422,0,19.16717911,0,0.619530278,6.475206717,73.34635949,4.748109545,2,187,15.50948763,396.9,9.005039293,50
419,0.557193123,12.5,7.294174605,0,0.38,6.866381248,67.09160888,1.649481153,10,711,18.5920211,281.2330133,11.24234235,50
420,0.146756897,0,6.479041381,0,0.54542319,6.022697737,39.16306886,1.552484582,16,711,16.92178447,396.9,14.65590254,50
421,1.604636915,100,7.456715231,0,0.555976335,5.762741847,59.96736106,4.159859574,23,711,15.93410122,380.9366811,17.89857476,45.78930921
422,1.112276717,0,7.124113791,0,0.662345081,6.834588401,94.19528838,5.492398446,13,330,18.47580869,396.9,17.94109372,50
423,0.100383545,80,15.95785348,0,0.572177236,7.089161807,98.17318229,1.513498449,8,711,18.25141401,232.8949746,7.453870294,50
424,0.434258692,12.5,11.71316773,0,0.70037067,5.660003082,35.01729355,5.701658191,9,666,20.26372512,392.8727315,15.66709527,48.51550015
425,0.293596513,12.5,5.092127671,0,0.597000474,5.896838632,38.45391291,3.383027169,11,279,16.60586959,351.0472843,10.06603422,50
426,0.699323296,0,6.12078525,0,0.737055768,6.1857415,91.30241356,5.731072406,11,330,19.01737496,285.130535,2.126803094,50
427,0.042514582,0,7.647789801,0,0.49735049,7.433877223,98.65416152,3.205569672,23,187,15.04891459,284.4915267,38,39.63980971
428,0.308282642,0,8.671824809,0,0.567321216,6.694194819,86.98344842,0.940692513,16,279,17.89531751,377.7007602,10.18391551,50
429,0.481961706,0,4.223690704,0,0.649196984,5.373139219,77.62813335,3.077188357,10,279,19.52009124,396.9,10.52874049,43.12662129
430,0.01639978,0,5.654059046,0,0.481336712,6.234912046,52.13572396,5.641059539,24,279,19.7056467,362.7872617,7.331193499,50
431,0.032715372,25,16.95597604,1,0.455198464,6.127884871,91.53680722,2.123630216,12,711,19.72063435,365.6189969,8.718997164,48.28016149
432,0.011712734,0,16.3241524,1,0.474477748,5.478711311,86.63515309,2.734688446,6,711,20.26962675,311.6370092,14.68456014,46.23059054
433,0.097950973,0,6.224874397,0,0.460094126,6.226645658,92.7819983,3.040230236,12,330,17.51926237,317.6710906,37.00629356,39.15084082
434,0.320155234,100,5.813841939,0,0.612707431,6.096973792,57.74983148,0.778990101,10,711,19.59059596,284.8851974,14.63463233,46.3805762
435,0.82104978,50,11.75209794,0,0.38,6.046857233,43.13008521,7.657409856,18,711,22,309.8072497,13.54290257,46.58582855
436,0.14791962,80,1.647128506,0,0.38,6.014833043,91.52228218,2.11554436,18,711,17.47230817,396.9,33.78998261,38.08918811
437,0.955365446,100,15.39600104,0,0.773529579,7.329975484,84.99357552,4.275357464,4,330,21.53643563,396.9,12.00546643,49.26917237
438,0.025832504,0,5.040415465,1,0.462988393,6.045407819,81.20668512,3.179263073,9,330,20.4282405,240.895319,16.65465301,49.43383012
439,0.01752619,0,10.49535415,0,0.574001782,6.334769739,91.68838557,6.226469808,7,666,17.91408845,275.4242625,9.459863567,50
440,0.126608296,25,1.941269747,0,0.38,6.258864701,55.48407188,4.067497971,18,666,18.0976739,292.3537798,38,31.83620795
441,0.214569526,12.5,11.97629554,0,0.561294912,5.946488205,89.81073541,2.952162239,8,666,18.76048519,351.1726456,30.84905581,34.64714882
442,0.13012839,0,10.80622456,1,0.4637192,6.355653313,53.86161787,2.123875432,11,666,20.30436299,203.8330947,15.00236084,50
443,0.011322872,50,10.10447449,0,0.38,6.345745417,47.25347719,4.947712511,7,279,19.38579619,277.0194587,12.940139,48.92926617
444,0.121609031,0,3.770025467,0,0.710430453,6.355829569,62.79526097,1.301190153,9,279,17.45500529,230.9120823,16.13347532,50
445,0.028286704,0,5.602369292,0,0.691907887,5.698536801,40.12569614,4.585711209,8,666,13.9194834,393.4438742,15.13440234,44.21269918
446,0.302282599,0,9.27162887,0,0.537117425,6.155712845,96.20902902,1.916455956,3,666,19.97878271,354.2995802,6.500689192,50
447,0.210118819,0,4.833141497,0,0.669930284,6.832225313,96.30849726,6.209881608,17,187,14.248505,314.9081752,31.4878095,43.6836068
448,0.04381164,0,4.680581815,1,0.778395123,6.174128358,31.5896508,3.598977478,2,279,15.49484464,260.2417675,14.34953205,50
449,0.07304787,0,14.67516252,0,0.640489112,6.413247339,85.66209078,4.581662319,15,187,17.61455017,316.3142229,38,40.20690327
450,0.037966305,50,1.217856481,0,0.607561569,6.416925901,95.54241116,3.45905146,14,187,15.82902708,305.6130175,21.1806796,49.98445134
451,0.125529446,0,15.03930052,0,0.573873964,6.592176592,31.5510334,1.382386637,18,711,19.19856254,396.9,3.623165205,50
452,0.425781398,0,3.76440371,0,0.627939684,6.691055641,75.87271685,2.158978986,16,330,17.84838596,396.9,7.621901887,50
453,0.041466423,50,11.34978741,0,0.506329673,6.178094573,38.12886121,4.64687369,20,279,20.22750816,294.1455787,4.537457967,50
454,0.247797306,100,9.666387111,0,0.516803696,5.662065288,94.1040258,3.608628953,22,666,14.96302143,372.032776,7.56529368,50
455,0.071625141,50,3.640867607,0,0.604106965,5.44689927,32.70616765,5.992417696,4,666,17.04382502,396.9,6.170864833,48.64488614
456,0.052264004,50,4.943001598,0,0.493136216,7.012380489,94.87357724,4.061844909,20,330,18.50923863,294.117709,19.13540902,49.06883818
457,0.119023249,12.5,12.63207069,0,0.506104039,6.839175314,77.87505827,2.047560439,6,279,18.59400189,228.0429226,13.60379496,50
458,0.039074282,0,6.691969293,0,0.5500224,6.754555279,6.060937962,2.229924952,6,666,20.02688009,193.4858746,25.64436735,46.69486886
459,0.069642577,0,22.42625042,0,0.688072906,6.86784247,83.95460806,3.495438019,11,666,16.48790512,396.9,16.07299043,50
460,0.032146443,0,5.295978935,0,0.41408035,6.186910811,90.57440114,1.043914894,17,711,17.47037737,339.6133233,14.23657787,50
461,1.429993873,0,5.081996271,0,0.64110142,5.862586508,92.83211376,7.665432552,24,187,19.61616925,383.5105962,38,29.62681411
462,0.141185064,0,3.037102893,0,0.64501557,5.613714813,78.88335531,4.140735248,3,666,13.66316637,304.7443988,18.79693041,45.6755705
463,0.058444914,25,4.656593037,0,0.644297441,5.537455002,75.19292212,6.131977542,13,279,19.34685755,241.6211984,15.66913869,43.62680712
464,0.174955415,0,7.55015964,0,0.453190434,7.148511082,86.67750158,1.506362839,22,330,20.18068695,258.6016249,9.854571389,50
465,0.118268992,0,20.96531689,0,0.38,5.954798601,66.37343402,6.185962302,3,711,15.56594641,234.9658339,8.12098856,50
466,0.103813058,0,4.886285842,0,0.617164057,7.038401348,85.03892441,10.13251394,16,279,17.80694951,396.9,26.10953599,49.71877782
467,0.282804351,12.5,1.075832236,0,0.572504654,6.169179919,68.6966596,1.715253396,15,711,21.7838516,396.9,25.18925712,36.3934454
468,0.335883553,0,5.606778488,0,0.670525196,5.826631154,28.46863386,4.88271246,11,187,19.95162226,360.3892006,38,32.39315637
469,0.071604212,50,8.406592772,0,0.465935581,5.533944642,91.49018255,3.321960007,18,666,19.483339,218.8802825,21.9188491,46.26168698
470,0.067814321,0,15.11956017,1,0.641214205,5.88829195,66.82696217,1.533853315,15,279,20.68011049,396.9,12.9894605,50
471,0.097289711,0,8.716070981,0,0.676529453,7.292767148,94.64336805,4.247973246,5,330,22,396.9,22.3450801,50
472,0.008545885,0,6.41109762,0,0.538562833,5.541052944,63.73965621,5.036954343,16,187,18.54077495,396.9,15.67112173,44.72246576
473,0.021966663,50,5.226121223,0,0.60003154,7.781722775,86.36232739,2.458218065,16,187,17.60418419,354.3490746,27.63909015,50
474,0.697850153,0,11.97588022,0,0.595835975,5.711574801,4.953451888,5.947424449,17,711,20.6747845,335.6621165,36.62016687,30.94611831
475,0.974297341,12.5,7.97795849,0,0.451423657,6.824964979,81.99118618,1.442847074,9,187,18.0876031,353.6178648,14.86287053,50
476,0.100374885,0,12.06120401,0,0.613731592,6.198324094,85.29606081,1.572429581,23,279,16.45835895,396.9,38,32.60270449
477,0.270324647,0,3.162130779,0,0.744699801,6.075608292,45.4308937,3.554799626,3,711,17.31185424,396.9,33.54904374,36.74444502
478,0.196616566,50,5.68866236,0,0.552664472,5.410005456,97.19527886,3.362526544,20,187,19.18712508,321.896113,16.62006339,49.34167856
479,5.444777923,25,10.64498455,0,0.38,6.231124912,52.93996665,2.320338907,13,330,17.51088923,319.6067099,24.59260935,40.45000063
480,0.518658242,12.5,2.355522922,0,0.467532816,5.489199803,39.87418723,4.976850285,22,279,17.67505446,313.1657506,19.75285686,43.62427349
481,0.116077047,50,3.705146699,0,0.38,5.12289603,65.55163993,4.329478765,3,330,16.23990521,260.1184303,16.66309503,44.88389942
482,0.042995985,50,7.241335364,0,0.704831335,6.383719075,74.59577346,5.099127953,7,330,21.65780634,396.9,38,32.45440057
483,0.019688204,25,14.06562931,0,0.641692636,5.855203825,77.69339535,3.121868755,6,711,17.74622122,285.308039,22.43366375,43.00842253
484,0.172761433,50,16.47501544,0,0.489835687,7.479043961,82.38242711,4.487474781,9,666,16.93467586,396.9,9.92859506,50
485,0.054605488,12.5,3.962599699,0,0.38,7.000015201,31.24886441,2.656939372,12,711,17.16872983,296.8100849,8.874821246,50
486,0.024558323,12.5,8.968089421,0,0.450004605,7.488202527,30.63247796,9.271167773,15,279,20.26555714,313.5726267,9.095154942,50
487,0.062294169,12.5,15.44041509,0,0.473406764,5.823381967,42.546737,2.211624061,21,279,19.76103687,346.6368502,22.05860335,44.13729253
488,0.03696227,25,12.0269141,1,0.563128912,6.395296418,53.3736956,9.512899453,20,711,17.39591965,396.9,13.39781718,50
489,1.024874291,0,8.526767849,0,0.559091121,4.465530328,99.88729634,3.378541047,3,666,18.57108868,333.4106268,20.08505949,46.4889103
490,0.389834772,50,9.526323303,0,0.710971837,6.102738334,74.97122654,1.669033231,10,711,19.10874973,253.3323294,28.84214746,41.50469407
491,0.134046682,50,4.154504096,0,0.466869417,6.368948844,47.38600308,6.580032439,1,279,16.95102248,358.7364011,38,31.81811041
492,0.799261555,0,6.029137094,0,0.38,6.407833654,94.84917897,3.53583929,19,666,15.11062987,287.2328663,13.58431828,45.21194125
493,0.148501825,50,7.256689295,0,0.411162583,6.270342113,80.48799369,5.081274161,19,279,19.63308232,396.9,7.0629982,50
494,0.048144853,0,6.886835826,0,0.547237017,6.3466148,20.68990696,6.12223949,23,666,17.07278484,333.3450503,38,32.53305993
495,0.841767773,0,6.470582271,0,0.462558632,4.400730156,84.11233771,3.931329945,23,666,19.46876637,296.2147902,6.860219969,50
496,0.258384124,25,3.693287405,0,0.514958975,6.479355285,28.75335604,2.469163866,13,711,19.20625861,396.9,6.700236173,50
497,0.038980437,0,15.48187458,0,0.49551597,6.638407924,90.26954434,5.407877511,12,711,18.62274306,396.9,38,34.58577707
498,0.107699923,50,7.869417749,0,0.668828614,7.236617782,86.05652983,3.321371346,1,711,17.56252027,275.3935556,31.17881684,42.19010849
499,0.047323802,50,6.929828063,0,0.479564118,6.558116641,52.52546897,4.67827246,19,666,17.10535791,285.0268205,21.99695874,50
500,0.025748995,0,2.878538578,0,0.504718951,6.208484053,64.08713924,1.131036776,24,666,15.99548171,396.9,15.95939049,50
501,0.411236443,0,10.21060072,0,0.63607403,7.073459346,87.66627629,4.151587779,16,279,17.1475545,360.9563434,14.24602029,50
502,1.338165931,0,4.708401008,0,0.482202171,4.649866043,67.40964101,2.412605026,23,330,19.75139303,396.9,11.12844435,44.39095992
503,0.025266368,12.5,4.860077315,1,0.600785485,5.939536029,90.43162843,7.588658413,23,711,21.57521663,296.6964566,13.87618547,50
504,0.265952671,100,5.837980594,0,0.589778231,5.763933014,30.2497124,4.533723987,15,279,21.25241855,396.9,15.9834014,49.88895014
505,0.061990689,12.5,11.66710009,0,0.567011903,6.27583474,47.03292566,3.743155128,16,279,18.81993064,153.315761,7.208998698,50
506,0.075429981,0,9.720218058,0,0.413872434,4.760915031,87.59249623,4.234033127,11,187,21.57404693,342.9457899,10.0529175,44.98209299
